Nivel,Total,Diferencia_%
Super Familia,286374.89137191436,0.0
Familia,286374.8913719143,-2.032568589886369e-14
Producto,286374.8913719143,-2.032568589886369e-14
